{"cameraMode":{"drawMode":0,"name":"Shaded","section":"Shading Mode"},"sceneLighting":false,"audioPlay":false,"sceneViewState":{"m_AlwaysRefresh":false,"showFog":true,"showSkybox":false,"showFlares":true,"showImageEffects":true,"showParticleSystems":true,"showVisualEffectGraphs":true,"m_FxEnabled":false},"in2DMode":false,"pivot":{"x":-10.745735168457032,"y":0.9896589517593384,"z":1.2475802898406983},"rotation":{"x":0.15806327760219575,"y":-0.14575061202049256,"z":0.023590805009007455,"w":0.9763400554656982},"size":2.0089478492736818,"orthographic":false}